<?xml version="1.0" encoding="UTF-8"?>
<project-private xmlns="http://www.netbeans.org/ns/project-private/1">
    <editor-bookmarks xmlns="http://www.netbeans.org/ns/editor-bookmarks/2" lastBookmarkId="0"/>
    <open-files xmlns="http://www.netbeans.org/ns/projectui-open-files/2">
        <group>
            <file>file:/C:/xampp/htdocs/assphp/Edit-feedback.php</file>
            <file>file:/C:/xampp/htdocs/assphp/login.php</file>
            <file>file:/C:/xampp/htdocs/assphp/orderstyle.css</file>
            <file>file:/C:/xampp/htdocs/assphp/editorder.php</file>
            <file>file:/C:/xampp/htdocs/assphp/orderhistory.php</file>
            <file>file:/C:/xampp/htdocs/assphp/historystyle.css</file>
        </group>
    </open-files>
</project-private>
